{"park": [-1.57134, 5e-05, 1.57075, 0.0, 1.5708, 6e-05], "scan": [-3.0102250635167, -0.014707014423257725, 1.6966567845867484, 1.3602397106460273e-06, 1.4596428954667076, 0.1312158806038175], "park_to_scan": [[-1.57134, 5e-05, 1.57075, 0.0, 1.5708, 6e-05], [-1.6672656709011133, -0.0009338009615505149, 1.5791437856391166, 9.068264737640182e-08, 1.563389526364447, 0.008803725373587833], [-1.7631913418022267, -0.00191760192310103, 1.5875375712782331, 1.8136529475280365e-07, 1.5559790527288944, 0.017547450747175668], [-1.85911701270334, -0.002901402884651545, 1.5959313569173497, 2.7204794212920546e-07, 1.5485685790933414, 0.026291176120763503], [-1.9550426836044532, -0.0038852038462020596, 1.6043251425564664, 3.627305895056073e-07, 1.5411581054577888, 0.03503490149435133], [-2.050968354505567, -0.004869004807752575, 1.612718928195583, 4.534132368820091e-07, 1.5337476318222358, 0.04377862686793916], [-2.14689402540668, -0.005852805769303091, 1.6211127138346995, 5.440958842584109e-07, 1.526337158186683, 0.052522352241527], [-2.2428196963077935, -0.006836606730853605, 1.629506499473816, 6.347785316348127e-07, 1.5189266845511302, 0.06126607761511483], [-2.3387453672089067, -0.00782040769240412, 1.6379002851129325, 7.254611790112146e-07, 1.5115162109155773, 0.07000980298870267], [-2.43467103811002, -0.008804208653954634, 1.646294070752049, 8.161438263876164e-07, 1.5041057372800246, 0.0787535283622905], [-2.5305967090111334, -0.009788009615505149, 1.6546878563911656, 9.068264737640182e-07, 1.4966952636444717, 0.08749725373587833], [-2.6265223799122466, -0.010771810577055663, 1.663081642030282, 9.9750912114042e-07, 1.4892847900089188, 0.09624097910946616], [-2.72244805081336, -0.011755611538606181, 1.6714754276693988, 1.0881917685168218e-06, 1.481874316373366, 0.10498470448305401], [-2.8183737217144733, -0.012739412500156696, 1.6798692133085154, 1.1788744158932237e-06, 1.4744638427378132, 0.11372842985664185], [-2.914299392615587, -0.01372321346170721, 1.6882629989476319, 1.2695570632696255e-06, 1.4670533691022605, 0.12247215523022967], [-3.0102250635167, -0.014707014423257725, 1.6966567845867484, 1.3602397106460273e-06, 1.4596428954667076, 0.1312158806038175]], "high": [{"y": -0.34, "j": [-2.65313003690755, 0.10848756151415095, 1.7124222645295966, 2.207487942662567e-06, 1.3206827958979979, 0.48828097737811404]}, {"y": -0.32, "j": [-2.679368429974813, 0.09634752914457012, 1.7261331639957476, 2.1257484319470166e-06, 1.319111932291528, 0.46205101945532245]}, {"y": -0.3, "j": [-2.7063217540770124, 0.08479269559718627, 1.7390111673897675, 2.0350203606689377e-06, 1.3177887666383068, 0.43510658332185415]}, {"y": -0.28, "j": [-2.733979324865579, 0.07384890728931559, 1.7510531930942435, 1.9353938403021687e-06, 1.3166905334299956, 0.4074583564623482]}, {"y": -0.26, "j": [-2.762325605965725, 0.06354261782054715, 1.7622556727159182, 1.826968135443252e-06, 1.3157943473867952, 0.3791218724440446]}, {"y": -0.24, "j": [-2.791340812434193, 0.05390144253461315, 1.7726137820432841, 2.3290720201352144e-06, 1.3150774103406215, 0.3500592445474364]}, {"y": -0.22, "j": [-2.8209967822830393, 0.04495032850024927, 1.7821253342245358, 2.158105715022174e-06, 1.3145169776804781, 0.32041851736220917]}, {"y": -0.2, "j": [-2.851262683860078, 0.03671655476413793, 1.7907851210378407, 1.97625024123127e-06, 1.3140909696468581, 0.29016845727473584]}, {"y": -0.18, "j": [-2.8821008703191344, 0.029225741396660343, 1.7985889416927687, 1.7841040316213252e-06, 1.3137779668491287, 0.2593466816971173]}, {"y": -0.16, "j": [-2.913468657489375, 0.022503223209453527, 1.8055318368104647, 2.1500320541711915e-06, 1.3135575920424412, 0.22794106833520278]}, {"y": -0.14, "j": [-2.9453153087931563, 0.016570214434077357, 1.8116117768384061, 1.8640590937479828e-06, 1.313410665406697, 0.196119299564681]}, {"y": -0.12, "j": [-2.97758785014163, 0.011449635420600845, 1.8168232798626498, 2.12449046843588e-06, 1.3133197457318255, 0.16381562406107042]}, {"y": -0.1, "j": [-3.01022523873418, 0.0071584369525270475, 1.8211650898221565, 1.710558901191206e-06, 1.3132691375042782, 0.13121541876608855]}, {"y": -0.08, "j": [-3.0431647243025473, 0.003714678092721968, 1.824632550468615, 1.73888315435633e-06, 1.3132454403792222, 0.09826496962649633]}, {"y": -0.06, "j": [-3.0763376632156607, 0.0011307008554282127, 1.8272244131863014, 1.5572521827600383e-06, 1.3132375585386953, 0.06510048319318873]}, {"y": -0.04, "j": [-3.1096732586146643, -0.0005827657799528652, 1.8289383030672166, 1.3693232241429598e-06, 1.3132371405922418, 0.03176518577099907]}], "low": [{"y": -0.244, "j": [-2.7854861853847277, 0.13318203170922605, 1.94696396738391, 3.601956411358742e-06, 1.0614466164946172, 0.3559097295354614]}, {"y": -0.24, "j": [-2.791341277036269, 0.13139978516991713, 1.9490763635925044, 3.551822519209935e-06, 1.061116468659149, 0.350057627991716]}, {"y": -0.236, "j": [-2.797222058513243, 0.12964333900545544, 1.9511539116670722, 3.5009941661279242e-06, 1.0607953685610205, 0.34417986175505977]}, {"y": -0.232, "j": [-2.8031282933702903, 0.12791291476930455, 1.9531965338987867, 3.4494767522375014e-06, 1.0604831723544255, 0.3382766671112978]}, {"y": -0.228, "j": [-2.8090597360132925, 0.12620873345442973, 1.9552041528895892, 3.397275975647318e-06, 1.0601797364432848, 0.3323482894840417]}, {"y": -0.224, "j": [-2.815016131655887, 0.12453101536896494, 1.957176691599897, 3.344397837334867e-06, 1.059884917557877, 0.32639498347812346]}, {"y": -0.22, "j": [-2.8209972162824464, 0.12287998001107603, 1.959114073395833, 3.2908486402583037e-06, 1.0595985728327433, 0.3204170129165229]}, {"y": -0.216, "j": [-2.8270027166176286, 0.12125584594192995, 1.9610162220967453, 3.236634991576892e-06, 1.0593205598861966, 0.31441465087076104]}, {"y": -0.212, "j": [-2.8330323501027705, 0.11965883065728455, 1.9628830620217919, 3.1817638048714514e-06, 1.0590507369021598, 0.3083881796842447]}, {"y": -0.208, "j": [-2.8390858248790782, 0.11808915045773904, 1.9647145180372405, 3.1262423010325335e-06, 1.058788962712602, 0.3023378909891572]}, {"y": -0.204, "j": [-2.8451628397782893, 0.11654702031837294, 1.9665105156021108, 3.070078008260424e-06, 1.0585350968822675, 0.296264085715658]}, {"y": -0.2, "j": [-2.8512630843204816, 0.11503265375647276, 1.968270980815042, 3.013278763397409e-06, 1.0582889997940752, 0.2901670740939828]}, {"y": -0.196, "j": [-2.8573862387195077, 0.11354626269910373, 1.96999584045958, 2.9558527123718648e-06, 1.0580505327362664, 0.28404717564896265]}, {"y": -0.192, "j": [-2.8635319738962433, 0.11208805734925598, 1.9716850220500213, 2.8978083101982577e-06, 1.0578195579904186, 0.2779047191867319]}, {"y": -0.188, "j": [-2.869699951499557, 0.1106582460518446, 1.9733384538761491, 2.8391543196448765e-06, 1.0575959389207021, 0.2717400427737138]}, {"y": -0.184, "j": [-2.875889823935463, 0.10925703515882113, 1.9749560650480298, 2.7798998138983677e-06, 1.0573795400639767, 0.2655534937074857]}, {"y": -0.18, "j": [-2.882101234404382, 0.10788462889381867, 1.9765377855404047, 2.720054171234665e-06, 1.0571702272207535, 0.2593454284794605]}, {"y": -0.176, "j": [-2.8883338169468438, 0.10654122921688236, 1.9780835462362294, 2.6596270763512564e-06, 1.0569678675469323, 0.25311621272913687]}, {"y": -0.172, "j": [-2.894588150796577, 0.10522788009891348, 1.9795922837882998, 3.530065381784908e-06, 1.0567724742589322, 0.24680582204666912]}, {"y": -0.168, "j": [-2.9008619140839884, 0.10394306961536426, 1.9810659456256472, 3.446405151041887e-06, 1.056583624760849, 0.24053692311327746]}, {"y": -0.164, "j": [-2.9071556972403143, 0.10268785646613177, 1.98250344631135, 3.3619997159561876e-06, 1.0564013390198674, 0.23424803358493929]}, {"y": -0.16, "j": [-2.913469098306388, 0.10146243220628026, 1.9839047207848282, 3.27686383005954e-06, 1.0562254905400117, 0.22793955489782824]}, {"y": -0.156, "j": [-2.919801706519925, 0.10026698545072588, 1.9852697051050576, 3.191012643899427e-06, 1.056055954645915, 0.2216118972747454]}, {"y": -0.152,