{"park": [-1.57134, 5e-05, 1.57075, 0.0, 1.5708, 6e-05], "scan": [-2.98982, 0.26476, 1.88958, 0.0, 0.98725, 0.1516], "park_to_scan": [[-1.57134, 5e-05, 1.57075, 0.0, 1.5708, 6e-05], [-1.57298, 0.0002, 1.5706, 0.0, 1.57079, 0.00023], [-1.57571, 0.00044, 1.57037, 0.0, 1.57079, 0.00053], [-1.57953, 0.00078, 1.57003, 0.0, 1.57078, 0.00093], [-1.58443, 0.00122, 1.5696, 0.0, 1.57077, 0.00146], [-1.5904, 0.00176, 1.56908, 0.0, 1.57076, 0.00209], [-1.59743, 0.00238, 1.56846, 0.0, 1.57075, 0.00285], [-1.60552, 0.00311, 1.56775, 0.0, 1.57073, 0.00371], [-1.61465, 0.00393, 1.56695, 0.0, 1.57071, 0.00469], [-1.6248, 0.00484, 1.56606, 0.0, 1.57069, 0.00577], [-1.63597, 0.00583, 1.56509, 0.0, 1.57067, 0.00696], [-1.64813, 0.00692, 1.56402, 0.0, 1.57065, 0.00826], [-1.66126, 0.0081, 1.56287, 0.0, 1.57062, 0.00966], [-1.67535, 0.00936, 1.56164, 0.0, 1.5706, 0.01117], [-1.69037, 0.01071, 1.56032, 0.0, 1.57057, 0.01277], [-1.7063, 0.01213, 1.55892, 0.0, 1.57054, 0.01448], [-1.72312, 0.01364, 1.55745, 0.0, 1.57051, 0.01627], [-1.74079, 0.01522, 1.5559, 0.0, 1.57047, 0.01816], [-1.7593, 0.01688, 1.55428, 0.0, 1.57044, 0.02014], [-1.77861, 0.0186, 1.55259, 0.0, 1.5704, 0.0222], [-1.79869, 0.0204, 1.55083, 0.0, 1.57036, 0.02435], [-1.81952, 0.02227, 1.549, 0.0, 1.57032, 0.02657], [-1.84105, 0.0242, 1.54712, 0.0, 1.57028, 0.02887], [-1.86327, 0.02618, 1.54517, 0.0, 1.57024, 0.03125], [-1.88612, 0.02823, 1.54317, 0.0, 1.57019, 0.03369], [-1.90959, 0.03033, 1.54111, 0.0, 1.57015, 0.03619], [-1.93362, 0.03248, 1.53901, 0.0, 1.5701, 0.03876], [-1.9582, 0.03468, 1.53685, 0.0, 1.57006, 0.04139], [-1.98326, 0.03693, 1.53466, 0.0, 1.57001, 0.04407], [-2.00879, 0.03921, 1.53242, 0.0, 1.56996, 0.04679], [-2.03473, 0.04154, 1.53015, 0.0, 1.56991, 0.04956], [-2.06106, 0.04389, 1.52784, 0.0, 1.56986, 0.05238], [-2.08772, 0.04628, 1.5255, 0.0, 1.56981, 0.05523], [-2.11467, 0.04869, 1.52314, 0.0, 1.56976, 0.05811], [-2.14189, 0.05113, 1.52076, 0.0, 1.56971, 0.06101], [-2.16931, 0.05358, 1.51836, 0.0, 1.56965, 0.06394], [-2.19691, 0.05605, 1.51594, 0.0, 1.5696, 0.06689], [-2.22464, 0.05854, 1.51351, 0.0, 1.56955, 0.06985], [-2.25245, 0.06103, 1.51107, 0.0, 1.56949, 0.07282], [-2.28031, 0.06352, 1.50863, 0.0, 1.56944, 0.0758], [-2.30816, 0.06601, 1.50619, 0.0, 1.56939, 0.07878], [-2.33597, 0.0685, 1.50375, 0.0, 1.56933, 0.08175], [-2.3637, 0.07099, 1.50132, 0.0, 1.56928, 0.08471], [-2.3913, 0.07346, 1.49891, 0.0, 1.56923, 0.08766], [-2.41873, 0.07591, 1.4965, 0.0, 1.56918, 0.09059], [-2.44594, 0.07835, 1.49412, 0.0, 1.56912, 0.0935], [-2.4729, 0.08076, 1.49176, 0.0, 1.56907, 0.09638], [-2.49956, 0.08315, 1.48942, 0.0, 1.56902, 0.09922], [-2.52588, 0.08551, 1.48711, 0.0, 1.56897, 0.10204], [-2.55182, 0.08783, 1.48484, 0.0, 1.56892, 0.10481], [-2.57735, 0.09011, 1.4826, 0.0, 1.56887, 0.10753], [-2.60242, 0.09236, 1.48041, 0.0, 1.56883, 0.11021], [-2.62699, 0.09456, 1.47825, 0.0, 1.56878, 0.11284], [-2.65102, 0.09671, 1.47615, 0.0, 1.56873, 0.11541], [-2.67449, 0.09881, 1.47409, 0.0, 1.56869, 0.11791], [-2.69735, 0.10086, 1.47209, 0.0, 1.56864, 0.12035], [-2.71956, 0.10285, 1.47014, 0.0, 1.5686, 0.12273], [-2.7411, 0.10477, 1.46826, 0.0, 1.56856, 0.12503], [-2.76192, 0.10664, 1.46643, 0.0, 1.56852, 0.12725], [-2.78201, 0.10844, 1.46467, 0.0, 1.56848, 0.1294], [-2.80132, 0.11017, 1.46298, 0.0, 1.56845, 0.13146], [-2.81982, 0.11182, 1.46136, 0.0, 1.56841, 0.13344], [-2.8375, 0.11341, 1.45981, 0.0, 1.56838, 0.13533], [-2.85431, 0.11491, 1.45834, 0.0, 1.56834, 0.13712], [-2.87024, 0.11634, 1.45694, 0.0, 1.56831, 0.13883], [-2.88526, 0.11768, 1.45563, 0.0, 1.56829, 0.14043], [-2.89935, 0.11894, 1.45439, 0.0, 1.56826, 0.14194], [-2.91249, 0.12012, 1.45324, 0.0, 1.56823, 0.14334], [-2.92464, 0.12121, 1.45218, 0.0, 1.56821, 0.14464], [-2.93581, 0.12221, 1.4512, 0.0, 1.56819, 0.14583], [-2.94596, 0.12312, 1.45031, 0.0, 1.56817, 0.14692], [-2.95509, 0.12393, 1.44951, 0.0, 1.56815, 0.14789], [-2.96318, 0.12466, 1.4488, 0.0, 1.56814, 0.14875], [-2.97021, 0.12529, 1.44818, 0.0, 1.56812, 0.14951], [-2.97618, 0.12582, 1.44766, 0.0, 1.56811, 0.15014], [-2.98108, 0.12626, 1.44723, 0.0, 1.5681, 0.15067], [-2.9849, 0.1266, 1.4469, 0.0, 1.5681, 0.15108], [-2.98763, 0.12685, 1.44666, 0.0, 1.56809, 0.15137], [-2.98927, 0.12699, 1.44651, 0.0, 1.56809, 0.15154], [-2.98982, 0.12704, 1.44646, 0.0, 1.56809, 0.1516], [-2.98957, 0.12719, 1.44655, 0.0, 1.56786, 0.15185], [-2.98982, 0.12988, 1.52399, 0.0, 1.48773, 0.1516], [-2.98987, 1.52642, -1.59593, -0.00147, -3.07208, 0.15014], [-2.98987, 1.59221, -1.66265, -0.0014, -3.07116, 0.15021], [-2.98982, 0.1698, 1.72441, 0.0, 1.24739, 0.1516], [-2.98982, 0.19362, 1.78133, 0.0, 1.16665, 0.1516], [-2.98982, 0.22275, 1.83344, 0.0, 1.0854, 0.1516], [-2.98982, 0.25723, 1.88071, 0.0, 1.00365, 0.1516], [-2.98982, 0.26476, 1.88958, 0.0, 0.98725, 0.1516]], "high": [{"y": -0.5313, "j": [-2.50492, 0.49674, 1.70612, 0.0, 0.93873, 0.63651]}, {"y": -0.5113, "j": [-2.52437, 0.48465, 1.7269, 0.0, 0.93005, 0.61706]}, {"y": -0.4913, "j": [-2.54386, 0.47232, 1.74793, 0.0, 0.92134, 0.59758]}, {"y": -0.4713, "j": [-2.56361, 0.46001, 1.7688, 0.0, 0.91279, 0.57784]}, {"y": -0.4513, "j": [-2.58464, 0.44908, 1.78718, 0.0, 0.90533, 0.55681]}, {"y": -0.4313, "j": [-2.60573, 0.43791, 1.80584, 0.0, 0.89784, 0.53566]}, {"y": -0.4113, "j": [-2.62717, 0.42685, 1.82419, 0.0, 0.89055, 0.51423]}, {"y": -0.3913, "j": [-2.64972, 0.41704, 1.84034, 0.0, 0.88421, 0.49168]}, {"y": -0.3713, "j": [-2.67244, 0.40711, 1.8566, 0.0, 0.87788, 0.46897]}, {"y": -0.3513, "j": [-2.69552, 0.39731, 1.87253, 0.0, 0.87175, 0.4459]}, {"y": -0.3313, "j": [-2.71964, 0.38882, 1.88623, 0.0, 0.86654, 0.42179]}, {"y": -0.3113, "j": [-2.74395, 0.38023, 1.90003, 0.0, 0.86134, 0.39749]}, {"y": -0.2913, "j": [-2.76861, 0.37179, 1.91348, 0.0, 0.85632, 0.37284]}, {"y": -0.2713, "j": [-2.79415, 1.99997, -1.92465, -0.00137, 3.06628, 0.34594]}, {"y": -0.2513, "j": [-2.81997, 0.3576, 1.93591, 0.0, 0.84808, 0.32144]}, {"y": -0.2313, "j": [-2.84608, 0.35066, 1.9468, 0.0, 0.84414, 0.29535]}, {"y": -0.2113, "j": [-2.87296, 0.34516, 1.95538, 0.0, 0.84106, 0.26848]}, {"y": -0.1913, "j": [-2.89993, 2.00187, -1.96401, -0.00492, 3.10373, 0.23674]}, {"y": -0.1713, "j": [-2.92739, 0.33445, 1.97197, 0.0, 0.83517, 0.21402]}, {"y": -0.1513, "j": [-2.95527, 0.33045, 1.97813, 0.0, 0.83301, 0.18617]}, {"y": -0.1313, "j": [-2.98331, 0.32659, 1.98405, 0.0, 0.83094, 0.15809]}, {"y": -0.1113, "j": [-3.01159, 0.32316, 1.98931, 0.0, 0.82913, 0.12985]}, {"y": -0.0913, "j": [-3.04018, 0.32093, 1.99271, 0.0, 0.82795, 0.10124]}, {"y": -0.0713, "j": [-3.06886, 0.31879, 1.99598, 0.0, 0.82683, 0.07256]}, {"y": -0.0513, "j": [-3.09768, 0.3176, 1.99778, 0.0, 0.82621, 0.04376]}, {"y": -0.0313, "j": [-3.12655, 2.00251, -1.99852, -0.00729, 3.1376, 0.0076]}, {"y": -0.0113, "j": [3.12771, 2.00251, -1.99896, 0.00674, 3.13805, -0.00695]}, {"y": 0.0087, "j": [3.09882, 0.31682, 1.99896, -0.0, 0.82581, -0.04263]}, {"y": 0.0287, "j": [3.07004, 0.31835, 1.99665, -0.0, 0.8266, -0.07138]}, {"y": 0.0487, "j": [3.04132, 0.31978, 1.99446, -0.0, 0.82735, -0.1001]}, {"y": 0.0687, "j": [3.01277, 0.32191, 1.99121, -0.0, 0.82847, -0.12867]}, {"y": 0.0887, "j": [2.98454, 0.32527, 1.98609, -0.0, 0.83024, -0.15687]}, {"y": 0.1087, "j": [2.95642, 0.32849, 1.98115, -0.0, 0.83196, -0.18502]}, {"y": 0.1287, "j": [2.92866, 0.33259, 1.97484, -0.0, 0.83416, -0.21275]}, {"y": 0.1487, "j": [2.90131, 0.33749, 1.96728, -0.0, 0.83683, -0.24009]}, {"y": 0.1687, "j": [2.87416, 0.34243, 1.95962, -0.0, 0.83954, -0.26728]}], "low": [{"y": -0.5313, "j": [-2.50497, 0.63643, 1.78117, 1e-05, 0.72399, 0.63646]}, {"y": -0.529, "j": [-2.50711, 0.63532, 1.7835, 1e-05, 0.72277, 0.63432]}, {"y": -0.5255, "j": [-2.51056, 0.63353, 1.78725, 1e-05, 0.72081, 0.63088]}, {"y": -0.5208, "j": [-2.51514, 0.63115, 1.79224, 1e-05, 0.7182, 0.6263]}, {"y": -0.5151, "j": [-2.52062, 0.62831, 1.79821, 1e-05, 0.71508, 0.62081]}, {"y": -0.5088, "j": [-2.52674, 0.62513, 1.80487, 1e-05, 0.71159, 0.6147]}, {"y": -0.5022,